frame,id,x1,y1,x2,y2,confidence,class_id
22,1,406.6446533203125,454.9617919921875,1690.89599609375,900.7229614257812,1.0,31
23,1,411.23602294921875,452.1409606933594,1701.22705078125,891.7655639648438,1.0,31
-1,1,411.23602294921875,452.1409606933594,1701.22705078125,891.7655639648438,1.0,31
25,1,405.84771728515625,449.63397216796875,1706.7681884765625,882.08642578125,1.0,31
-1,1,405.84771728515625,449.63397216796875,1706.7681884765625,882.08642578125,1.0,31
27,1,418.13690185546875,450.7108154296875,1721.32177734375,855.5996704101562,1.0,31
28,1,422.578125,453.1768798828125,1718.8487548828125,867.32373046875,1.0,31
29,1,425.7264404296875,450.4721374511719,1717.284423828125,858.2064208984375,1.0,31
30,1,428.6349182128906,454.5604248046875,1737.03515625,855.5294189453125,1.0,31
31,1,447.8666687011719,452.3385314941406,1734.7567138671875,847.4892578125,1.0,31
32,1,467.4210205078125,451.93524169921875,1751.6220703125,861.0053100585938,1.0,31
33,1,444.42535400390625,449.17437744140625,1756.207763671875,853.8821411132812,1.0,31
34,1,449.83538818359375,449.6172180175781,1757.5653076171875,856.6298828125,1.0,31
35,1,425.4298095703125,446.75189208984375,1763.9150390625,845.1712646484375,1.0,31
-1,1,425.4298095703125,446.75189208984375,1763.9150390625,845.1712646484375,1.0,31
-1,1,425.4298095703125,446.75189208984375,1763.9150390625,845.1712646484375,1.0,31
-1,1,425.4298095703125,446.75189208984375,1763.9150390625,845.1712646484375,1.0,31
39,1,483.7845458984375,443.57904052734375,1768.8487548828125,842.7086791992188,1.0,31
40,1,482.99359130859375,442.2550048828125,1773.8572998046875,839.203125,1.0,31
-1,1,482.99359130859375,442.2550048828125,1773.8572998046875,839.203125,1.0,31
42,1,448.48297119140625,430.842041015625,1776.76171875,824.9612426757812,1.0,31
-1,1,448.48297119140625,430.842041015625,1776.76171875,824.9612426757812,1.0,31
44,1,448.48297119140625,430.842041015625,1776.76171875,824.9612426757812,1.0,31
-1,1,448.48297119140625,430.842041015625,1776.76171875,824.9612426757812,1.0,31
-1,1,448.48297119140625,430.842041015625,1776.76171875,824.9612426757812,1.0,31
-1,1,448.48297119140625,430.842041015625,1776.76171875,824.9612426757812,1.0,31
-1,1,448.48297119140625,430.842041015625,1776.76171875,824.9612426757812,1.0,31
-1,1,448.48297119140625,430.842041015625,1776.76171875,824.9612426757812,1.0,31
-1,1,448.48297119140625,430.842041015625,1776.76171875,824.9612426757812,1.0,31
-1,1,448.48297119140625,430.842041015625,1776.76171875,824.9612426757812,1.0,31
-1,1,448.48297119140625,430.842041015625,1776.76171875,824.9612426757812,1.0,31
-1,1,448.48297119140625,430.842041015625,1776.76171875,824.9612426757812,1.0,31
-1,1,448.48297119140625,430.842041015625,1776.76171875,824.9612426757812,1.0,31
-1,1,448.48297119140625,430.842041015625,1776.76171875,824.9612426757812,1.0,31
-1,1,448.48297119140625,430.842041015625,1776.76171875,824.9612426757812,1.0,31
252,2,810.3460693359375,397.3475646972656,1671.758544921875,735.8291625976562,1.0,30
-1,2,810.3460693359375,397.3475646972656,1671.758544921875,735.8291625976562,1.0,30
-1,2,810.3460693359375,397.3475646972656,1671.758544921875,735.8291625976562,1.0,30
-1,2,810.3460693359375,397.3475646972656,1671.758544921875,735.8291625976562,1.0,30
-1,2,810.3460693359375,397.3475646972656,1671.758544921875,735.8291625976562,1.0,30
257,2,797.91796875,396.1712951660156,1662.657470703125,736.8433837890625,1.0,4
258,2,784.6834716796875,391.50384521484375,1661.4334716796875,732.7827758789062,1.0,30
259,2,797.1328125,393.53741455078125,1658.619140625,733.3365478515625,1.0,4
-1,2,797.1328125,393.53741455078125,1658.619140625,733.3365478515625,1.0,4
261,2,763.3624877929688,392.9566955566406,1652.4312744140625,721.910400390625,1.0,4
262,2,750.3455200195312,391.1033020019531,1642.9183349609375,718.9283447265625,1.0,4
263,2,753.1534423828125,390.60498046875,1651.052490234375,716.3080444335938,1.0,4
264,2,749.2282104492188,389.720947265625,1652.3673095703125,715.79150390625,1.0,4
265,2,742.6168212890625,391.55108642578125,1649.64111328125,712.8191528320312,1.0,4
266,2,742.5726928710938,391.1776428222656,1645.2769775390625,715.988037109375,1.0,4
267,2,740.6495361328125,379.30224609375,1642.7901611328125,711.70458984375,1.0,4
268,2,733.5134887695312,381.9337463378906,1644.60498046875,708.661376953125,1.0,30
269,2,737.5486450195312,381.251953125,1646.8291015625,708.8009033203125,1.0,4
270,2,726.847412109375,376.24859619140625,1644.1239013671875,706.6133422851562,1.0,30
271,2,723.7880249023438,373.59375,1647.4866943359375,707.1220703125,1.0,4
272,2,728.6239013671875,366.2500305175781,1645.46630859375,708.7175903320312,1.0,4
273,2,727.1839599609375,366.3683166503906,1648.9464111328125,705.923095703125,1.0,4
274,2,717.0223388671875,362.9248352050781,1647.3292236328125,710.6051025390625,1.0,4
275,2,717.0208740234375,364.0697021484375,1647.34130859375,699.78369140625,1.0,4
276,2,718.7850952148438,364.70233154296875,1642.2198486328125,702.757568359375,1.0,4
277,2,702.1613159179688,362.3506164550781,1644.5113525390625,696.9424438476562,1.0,4
278,2,704.1650390625,362.53326416015625,1646.0361328125,697.2769775390625,1.0,4
279,2,698.004638671875,362.2488098144531,1639.27197265625,696.5017700195312,1.0,4
280,2,706.6025390625,359.3678283691406,1634.635986328125,695.19384765625,1.0,4
281,2,700.4686889648438,361.29949951171875,1634.781005859375,692.6735229492188,1.0,4
282,2,692.8934326171875,363.689208984375,1642.670654296875,683.8670654296875,1.0,30
-1,2,692.8934326171875,363.689208984375,1642.670654296875,683.8670654296875,1.0,30
-1,2,692.8934326171875,363.689208984375,1642.670654296875,683.8670654296875,1.0,30
285,2,682.8400268554688,357.4283752441406,1640.4700927734375,679.65234375,1.0,4
286,2,664.841064453125,353.7117919921875,1638.4183349609375,678.2943115234375,1.0,4
287,2,669.3609008789062,349.0965270996094,1631.037353515625,674.1094360351562,1.0,4
288,2,668.243408203125,350.7027282714844,1627.259765625,671.6063842773438,1.0,4
289,2,668.8163452148438,350.4158020019531,1625.0416259765625,670.2449951171875,1.0,4
290,2,667.8065185546875,349.70782470703125,1623.9766845703125,667.447509765625,1.0,4
291,2,658.9487915039062,341.46881103515625,1622.63720703125,667.3436279296875,1.0,4
292,2,655.8826904296875,343.6300354003906,1621.581787109375,666.2700805664062,1.0,4
-1,2,655.8826904296875,343.6300354003906,1621.581787109375,666.2700805664062,1.0,4
-1,2,655.8826904296875,343.6300354003906,1621.581787109375,666.2700805664062,1.0,4
-1,2,655.8826904296875,343.6300354003906,1621.581787109375,666.2700805664062,1.0,4
-1,2,655.8826904296875,343.6300354003906,1621.581787109375,666.2700805664062,1.0,4
-1,2,655.8826904296875,343.6300354003906,1621.581787109375,666.2700805664062,1.0,4
298,2,645.2590942382812,334.606201171875,1620.2908935546875,650.8971557617188,1.0,14
299,2,637.2945556640625,328.5125427246094,1622.4990234375,650.9234619140625,1.0,14
300,2,627.685546875,327.0896911621094,1618.71240234375,647.4636840820312,1.0,4
-1,2,627.685546875,327.0896911621094,1618.71240234375,647.4636840820312,1.0,4
302,2,611.372314453125,307.02996826171875,1620.5291748046875,647.1713256835938,1.0,14
303,2,612.0530395507812,319.4310607910156,1614.5965576171875,641.9097900390625,1.0,4
304,2,609.8485107421875,302.0848693847656,1615.617919921875,640.3958129882812,1.0,4
305,2,616.6045532226562,307.0785827636719,1613.302490234375,639.20654296875,1.0,4
306,2,614.455810546875,302.9729919433594,1614.7598876953125,637.8475952148438,1.0,4
307,2,598.2412109375,300.554443359375,1611.9251708984375,636.876953125,1.0,4
308,2,590.8003540039062,295.5986022949219,1612.1092529296875,634.8746337890625,1.0,4
309,2,587.11669921875,294.10919189453125,1609.76513671875,633.5927734375,1.0,4
310,2,589.230224609375,297.927001953125,1607.094482421875,627.8994140625,1.0,4
311,2,594.874267578125,300.6219177246094,1606.62060546875,624.7496948242188,1.0,4
312,2,585.2900390625,290.2504577636719,1603.001220703125,622.3557739257812,1.0,4
313,2,580.924072265625,279.6691589355469,1601.8465576171875,618.131103515625,1.0,4
314,2,593.5028686523438,286.8829650878906,1603.919677734375,618.1397094726562,1.0,4
315,2,581.3001708984375,287.9183349609375,1601.678955078125,615.2169799804688,1.0,4
316,2,587.682861328125,286.32421875,1600.822021484375,613.0497436523438,1.0,4
317,2,578.0185546875,278.3405456542969,1600.219482421875,610.7635498046875,1.0,4
318,2,561.7093505859375,273.19866943359375,1598.8890380859375,610.4606323242188,1.0,4
319,2,554.3558349609375,272.6136474609375,1599.64306640625,607.168212890625,1.0,4
320,2,545.0672607421875,267.24884033203125,1599.091552734375,607.7349243164062,1.0,14
-1,2,545.0672607421875,267.24884033203125,1599.091552734375,607.7349243164062,1.0,14
-1,2,545.0672607421875,267.24884033203125,1599.091552734375,607.7349243164062,1.0,14
-1,2,545.0672607421875,267.24884033203125,1599.091552734375,607.7349243164062,1.0,14
-1,2,545.0672607421875,267.24884033203125,1599.091552734375,607.7349243164062,1.0,14
325,2,498.92303466796875,245.59295654296875,1596.5885009765625,597.1749267578125,1.0,4
326,2,521.6017456054688,260.6687927246094,1596.8160400390625,595.452880859375,1.0,4
-1,2,521.6017456054688,260.6687927246094,1596.8160400390625,595.452880859375,1.0,4
328,2,517.1436767578125,252.20193481445312,1597.484619140625,592.7536010742188,1.0,4
-1,2,517.1436767578125,252.20193481445312,1597.484619140625,592.7536010742188,1.0,4
330,2,517.6671752929688,249.82215881347656,1595.7572021484375,588.8809204101562,1.0,14
331,2,514.9539184570312,248.65383911132812,1594.767822265625,586.5234985351562,1.0,14
-1,2,514.9539184570312,248.65383911132812,1594.767822265625,586.5234985351562,1.0,14
-1,2,514.9539184570312,248.65383911132812,1594.767822265625,586.5234985351562,1.0,14
334,2,502.87628173828125,239.4382781982422,1592.1580810546875,582.8633422851562,1.0,4
335,2,492.82672119140625,243.09425354003906,1590.4588623046875,581.7974853515625,1.0,4
336,2,489.1058349609375,241.27899169921875,1588.46240234375,578.5728149414062,1.0,4
337,2,470.433837890625,218.6326141357422,1587.1337890625,576.8815307617188,1.0,4
338,2,478.83795166015625,242.8694610595703,1584.3145751953125,573.3497314453125,1.0,4
339,2,475.223876953125,212.98370361328125,1585.6597900390625,575.2886352539062,1.0,4
340,2,455.572265625,219.62564086914062,1582.0341796875,571.4761962890625,1.0,4
341,2,455.983154296875,217.68544006347656,1583.0809326171875,569.1241455078125,1.0,4
342,2,457.67669677734375,224.9678192138672,1583.525390625,568.7561645507812,1.0,4
343,2,453.54034423828125,220.6885986328125,1580.9073486328125,567.48046875,1.0,4
344,2,465.4537353515625,212.03321838378906,1585.10595703125,567.374267578125,1.0,4
345,2,459.4308776855469,217.1015625,1578.4102783203125,566.1905517578125,1.0,14
346,2,449.571533203125,202.82130432128906,1577.672607421875,566.4883422851562,1.0,14
347,2,427.236328125,197.56544494628906,1579.3106689453125,567.8017578125,1.0,14
348,2,435.17816162109375,201.43116760253906,1577.2412109375,569.258544921875,1.0,4
349,2,424.19305419921875,210.47274780273438,1577.3543701171875,572.9328002929688,1.0,4
350,2,428.34210205078125,198.5064697265625,1577.118896484375,594.4361572265625,1.0,4
351,2,414.39990234375,205.2150421142578,1576.411865234375,587.0264282226562,1.0,4
352,2,413.86834716796875,208.6819610595703,1576.55859375,593.7415771484375,1.0,4
353,2,416.62298583984375,215.98658752441406,1574.1339111328125,577.2489013671875,1.0,4
-1,2,416.62298583984375,215.98658752441406,1574.1339111328125,577.2489013671875,1.0,4
-1,2,416.62298583984375,215.98658752441406,1574.1339111328125,577.2489013671875,1.0,4
-1,2,416.62298583984375,215.98658752441406,1574.1339111328125,577.2489013671875,1.0,4
-1,2,416.62298583984375,215.98658752441406,1574.1339111328125,577.2489013671875,1.0,4
-1,2,416.62298583984375,215.98658752441406,1574.1339111328125,577.2489013671875,1.0,4
-1,2,416.62298583984375,215.98658752441406,1574.1339111328125,577.2489013671875,1.0,4
-1,2,416.62298583984375,215.98658752441406,1574.1339111328125,577.2489013671875,1.0,4
-1,2,416.62298583984375,215.98658752441406,1574.1339111328125,577.2489013671875,1.0,4
-1,2,416.62298583984375,215.98658752441406,1574.1339111328125,577.2489013671875,1.0,4
-1,2,416.62298583984375,215.98658752441406,1574.1339111328125,577.2489013671875,1.0,4
-1,2,416.62298583984375,215.98658752441406,1574.1339111328125,577.2489013671875,1.0,4
-1,2,416.62298583984375,215.98658752441406,1574.1339111328125,577.2489013671875,1.0,4
-1,2,416.62298583984375,215.98658752441406,1574.1339111328125,577.2489013671875,1.0,4
-1,2,416.62298583984375,215.98658752441406,1574.1339111328125,577.2489013671875,1.0,4
-1,2,416.62298583984375,215.98658752441406,1574.1339111328125,577.2489013671875,1.0,4
382,3,283.34783935546875,114.6815414428711,1526.4691162109375,610.7376708984375,1.0,4
383,3,272.8217468261719,112.9625244140625,1517.2030029296875,616.04296875,1.0,4
384,3,276.51025390625,123.60502624511719,1522.7652587890625,614.6879272460938,1.0,4
385,3,232.45843505859375,118.76097106933594,1520.0361328125,621.1622314453125,1.0,4
386,3,244.1162109375,123.31228637695312,1518.57275390625,618.2606201171875,1.0,4
387,3,275.4750671386719,127.16693115234375,1521.332275390625,618.8860473632812,1.0,4
388,3,247.73895263671875,116.7077407836914,1515.99462890625,621.4550170898438,1.0,4
-1,3,247.73895263671875,116.7077407836914,1515.99462890625,621.4550170898438,1.0,4
390,3,247.73895263671875,116.7077407836914,1515.99462890625,621.4550170898438,1.0,4
391,3,247.73895263671875,116.7077407836914,1515.99462890625,621.4550170898438,1.0,4
392,3,247.73895263671875,116.7077407836914,1515.99462890625,621.4550170898438,1.0,4
393,3,208.71524047851562,109.08682250976562,1502.29931640625,621.304931640625,1.0,4
394,3,266.65606689453125,108.27799987792969,1503.919189453125,623.4682006835938,1.0,4
-1,3,266.65606689453125,108.27799987792969,1503.919189453125,623.4682006835938,1.0,4
-1,3,266.65606689453125,108.27799987792969,1503.919189453125,623.4682006835938,1.0,4
-1,3,266.65606689453125,108.27799987792969,1503.919189453125,623.4682006835938,1.0,4
-1,3,266.65606689453125,108.27799987792969,1503.919189453125,623.4682006835938,1.0,4
399,3,191.58453369140625,99.08624267578125,1510.6146240234375,623.9840698242188,1.0,4
400,3,256.1067810058594,105.36982727050781,1512.64013671875,622.0761108398438,1.0,4
401,3,225.2314453125,101.73056030273438,1516.6737060546875,622.5011596679688,1.0,4
402,3,271.921630859375,103.716064453125,1517.279052734375,621.96240234375,1.0,4
403,3,273.0255432128906,107.24535369873047,1508.71240234375,621.279296875,1.0,4
404,3,212.80728149414062,109.166015625,1514.70068359375,621.3292236328125,1.0,4
-1,3,212.80728149414062,109.166015625,1514.70068359375,621.3292236328125,1.0,4
406,3,212.80728149414062,109.166015625,1514.70068359375,621.3292236328125,1.0,4
-1,3,212.80728149414062,109.166015625,1514.70068359375,621.3292236328125,1.0,4
408,3,217.09423828125,87.5086669921875,1518.910888671875,619.7424926757812,1.0,4
-1,3,217.09423828125,87.5086669921875,1518.910888671875,619.7424926757812,1.0,4
-1,3,217.09423828125,87.5086669921875,1518.910888671875,619.7424926757812,1.0,4
-1,3,217.09423828125,87.5086669921875,1518.910888671875,619.7424926757812,1.0,4
-1,3,217.09423828125,87.5086669921875,1518.910888671875,619.7424926757812,1.0,4
-1,3,217.09423828125,87.5086669921875,1518.910888671875,619.7424926757812,1.0,4
-1,3,217.09423828125,87.5086669921875,1518.910888671875,619.7424926757812,1.0,4
415,3,168.35787963867188,72.78392028808594,1517.814697265625,614.126220703125,1.0,4
-1,3,168.35787963867188,72.78392028808594,1517.814697265625,614.126220703125,1.0,4
-1,3,168.35787963867188,72.78392028808594,1517.814697265625,614.126220703125,1.0,4
-1,3,168.35787963867188,72.78392028808594,1517.814697265625,614.126220703125,1.0,4
-1,3,168.35787963867188,72.78392028808594,1517.814697265625,614.126220703125,1.0,4
-1,3,168.35787963867188,72.78392028808594,1517.814697265625,614.126220703125,1.0,4
-1,3,168.35787963867188,72.78392028808594,1517.814697265625,614.126220703125,1.0,4
-1,3,168.35787963867188,72.78392028808594,1517.814697265625,614.126220703125,1.0,4
508,4,629.7692260742188,276.81024169921875,1532.75537109375,612.389892578125,1.0,0
-1,4,629.7692260742188,276.81024169921875,1532.75537109375,612.389892578125,1.0,0
-1,4,629.7692260742188,276.81024169921875,1532.75537109375,612.389892578125,1.0,0
-1,4,629.7692260742188,276.81024169921875,1532.75537109375,612.389892578125,1.0,0
-1,4,629.7692260742188,276.81024169921875,1532.75537109375,612.389892578125,1.0,0
-1,4,629.7692260742188,276.81024169921875,1532.75537109375,612.389892578125,1.0,0
-1,4,629.7692260742188,276.81024169921875,1532.75537109375,612.389892578125,1.0,0
-1,4,629.7692260742188,276.81024169921875,1532.75537109375,612.389892578125,1.0,0
-1,4,629.7692260742188,276.81024169921875,1532.75537109375,612.389892578125,1.0,0
657,5,567.558837890625,403.364501953125,1395.908935546875,743.1615600585938,1.0,30
658,5,572.2899169921875,409.97625732421875,1393.230224609375,740.0945434570312,1.0,30
659,5,567.427734375,410.82916259765625,1395.1693115234375,741.117919921875,1.0,30
660,5,535.2551879882812,386.3081359863281,1394.9532470703125,739.116455078125,1.0,30
-1,5,535.2551879882812,386.3081359863281,1394.9532470703125,739.116455078125,1.0,30
662,5,524.7828369140625,395.0342102050781,1392.0457763671875,736.2656860351562,1.0,4
663,5,528.54931640625,398.1239318847656,1390.6329345703125,731.5367431640625,1.0,30
664,5,533.640380859375,398.34136962890625,1387.7548828125,731.0487670898438,1.0,30
665,5,523.5933837890625,392.1127624511719,1386.787109375,732.230224609375,1.0,4
666,5,518.6697387695312,390.1951904296875,1389.212646484375,727.5428466796875,1.0,30
-1,5,518.6697387695312,390.1951904296875,1389.212646484375,727.5428466796875,1.0,30
-1,5,518.6697387695312,390.1951904296875,1389.212646484375,727.5428466796875,1.0,30
-1,5,518.6697387695312,390.1951904296875,1389.212646484375,727.5428466796875,1.0,30
-1,5,518.6697387695312,390.1951904296875,1389.212646484375,727.5428466796875,1.0,30
-1,5,518.6697387695312,390.1951904296875,1389.212646484375,727.5428466796875,1.0,30
672,5,508.0697937011719,357.71722412109375,1386.047607421875,715.9421997070312,1.0,14
-1,5,508.0697937011719,357.71722412109375,1386.047607421875,715.9421997070312,1.0,14
-1,5,508.0697937011719,357.71722412109375,1386.047607421875,715.9421997070312,1.0,14
-1,5,508.0697937011719,357.71722412109375,1386.047607421875,715.9421997070312,1.0,14
-1,5,508.0697937011719,357.71722412109375,1386.047607421875,715.9421997070312,1.0,14
677,5,521.0098266601562,367.86767578125,1396.4058837890625,709.9065551757812,1.0,4
678,5,516.4689331054688,368.5842590332031,1396.4298095703125,714.0879516601562,1.0,4
-1,5,516.4689331054688,368.5842590332031,1396.4298095703125,714.0879516601562,1.0,4
-1,5,516.4689331054688,368.5842590332031,1396.4298095703125,714.0879516601562,1.0,4
681,5,504.31585693359375,351.6087341308594,1399.1485595703125,708.7359619140625,1.0,4
-1,5,504.31585693359375,351.6087341308594,1399.1485595703125,708.7359619140625,1.0,4
683,5,504.31585693359375,351.6087341308594,1399.1485595703125,708.7359619140625,1.0,4
-1,5,504.31585693359375,351.6087341308594,1399.1485595703125,708.7359619140625,1.0,4
685,5,504.31585693359375,351.6087341308594,1399.1485595703125,708.7359619140625,1.0,4
686,5,504.31585693359375,351.6087341308594,1399.1485595703125,708.7359619140625,1.0,4
687,5,504.31585693359375,351.6087341308594,1399.1485595703125,708.7359619140625,1.0,4
-1,5,504.31585693359375,351.6087341308594,1399.1485595703125,708.7359619140625,1.0,4
689,5,504.31585693359375,351.6087341308594,1399.1485595703125,708.7359619140625,1.0,4
694,6,673.6778564453125,617.7322998046875,848.4512329101562,739.5211181640625,1.0,29
-1,6,673.6778564453125,617.7322998046875,848.4512329101562,739.5211181640625,1.0,29
-1,6,673.6778564453125,617.7322998046875,848.4512329101562,739.5211181640625,1.0,29
-1,6,673.6778564453125,617.7322998046875,848.4512329101562,739.5211181640625,1.0,29
-1,6,673.6778564453125,617.7322998046875,848.4512329101562,739.5211181640625,1.0,29
699,6,668.38427734375,618.0439453125,843.0662841796875,730.8290405273438,1.0,29
-1,6,668.38427734375,618.0439453125,843.0662841796875,730.8290405273438,1.0,29
-1,6,668.38427734375,618.0439453125,843.0662841796875,730.8290405273438,1.0,29
702,6,668.2424926757812,618.1827392578125,835.3275146484375,725.014892578125,1.0,29
-1,6,668.2424926757812,618.1827392578125,835.3275146484375,725.014892578125,1.0,29
-1,6,668.2424926757812,618.1827392578125,835.3275146484375,725.014892578125,1.0,29
705,6,667.4647216796875,616.84423828125,831.11083984375,719.3651733398438,1.0,29
-1,6,667.4647216796875,616.84423828125,831.11083984375,719.3651733398438,1.0,29
-1,6,667.4647216796875,616.84423828125,831.11083984375,719.3651733398438,1.0,29
708,6,663.2186279296875,614.0057983398438,824.4268798828125,716.2053833007812,1.0,29
709,6,663.668701171875,610.155517578125,828.0164794921875,715.831787109375,1.0,29
710,6,671.7933349609375,608.5193481445312,835.2425537109375,715.5159301757812,1.0,29
711,6,669.9407958984375,607.146728515625,831.1649780273438,717.0115356445312,1.0,29
712,6,663.0573120117188,607.087890625,826.6604614257812,714.2474365234375,1.0,29
-1,6,663.0573120117188,607.087890625,826.6604614257812,714.2474365234375,1.0,29
-1,6,663.0573120117188,607.087890625,826.6604614257812,714.2474365234375,1.0,29
715,6,658.5844116210938,602.4818115234375,826.2110595703125,715.597412109375,1.0,29
716,6,654.519287109375,607.3975830078125,828.3682861328125,714.2426147460938,1.0,29
717,6,655.8429565429688,599.8474731445312,825.25341796875,710.6273803710938,1.0,29
718,6,656.611328125,602.8649291992188,828.8914184570312,706.7194213867188,1.0,29
719,6,650.4456176757812,595.9234008789062,826.0523681640625,709.4773559570312,1.0,29
-1,6,650.4456176757812,595.9234008789062,826.0523681640625,709.4773559570312,1.0,29
721,6,649.834716796875,596.3086547851562,824.473388671875,704.4397583007812,1.0,29
-1,6,649.834716796875,596.3086547851562,824.473388671875,704.4397583007812,1.0,29
-1,6,649.834716796875,596.3086547851562,824.473388671875,704.4397583007812,1.0,29
-1,6,649.834716796875,596.3086547851562,824.473388671875,704.4397583007812,1.0,29
-1,6,649.834716796875,596.3086547851562,824.473388671875,704.4397583007812,1.0,29
-1,6,649.834716796875,596.3086547851562,824.473388671875,704.4397583007812,1.0,29
-1,6,649.834716796875,596.3086547851562,824.473388671875,704.4397583007812,1.0,29
728,6,643.700927734375,592.9617309570312,811.2984008789062,701.8155517578125,1.0,29
729,6,637.0706787109375,590.5462646484375,814.0704345703125,701.754150390625,1.0,29
730,6,636.5343017578125,587.6663818359375,814.4719848632812,701.4000854492188,1.0,29
731,6,632.8702392578125,588.2411499023438,817.8221435546875,701.8861083984375,1.0,29
732,6,636.462158203125,590.3949584960938,810.9942626953125,699.8482666015625,1.0,29
733,6,626.6618041992188,586.3758544921875,826.2111206054688,704.5220947265625,1.0,29
734,6,624.4017333984375,584.9319458007812,821.5118408203125,707.6213989257812,1.0,29
735,6,626.950439453125,583.356689453125,819.1375122070312,705.9526977539062,1.0,29
736,6,625.68115234375,582.5717163085938,816.3309326171875,704.2608642578125,1.0,29
737,6,621.879638671875,581.7041015625,810.9971923828125,702.5934448242188,1.0,29
738,6,624.5065307617188,583.2075805664062,804.7395629882812,701.7057495117188,1.0,29
739,6,620.5748291015625,589.0151977539062,804.3396606445312,702.2395629882812,1.0,29
740,6,620.8388671875,587.78271484375,801.9056396484375,703.384521484375,1.0,29
741,6,618.2586059570312,589.8740844726562,800.6697387695312,704.0015258789062,1.0,29
742,6,612.62939453125,592.2142333984375,793.6766967773438,705.2415771484375,1.0,29
743,6,610.7813110351562,593.63525390625,790.2464599609375,705.446044921875,1.0,29
744,6,607.7393188476562,593.2665405273438,788.2470703125,707.2482299804688,1.0,29
745,6,604.0296020507812,593.984130859375,790.04443359375,706.74853515625,1.0,29
746,6,598.6865844726562,595.7839965820312,787.3170776367188,710.9474487304688,1.0,29
-1,6,598.6865844726562,595.7839965820312,787.3170776367188,710.9474487304688,1.0,29
-1,6,598.6865844726562,595.7839965820312,787.3170776367188,710.9474487304688,1.0,29
-1,6,598.6865844726562,595.7839965820312,787.3170776367188,710.9474487304688,1.0,29
750,6,592.2162475585938,583.4492797851562,784.2258911132812,712.63623046875,1.0,29
751,6,589.7515869140625,589.192626953125,778.3176879882812,711.9959106445312,1.0,29
752,6,582.8243408203125,588.5440063476562,769.475830078125,713.2788696289062,1.0,29
753,6,581.4215698242188,590.8700561523438,771.5947265625,713.2659301757812,1.0,29
754,6,573.7442016601562,584.83544921875,772.3869018554688,713.008544921875,1.0,29
-1,6,573.7442016601562,584.83544921875,772.3869018554688,713.008544921875,1.0,29
-1,6,573.7442016601562,584.83544921875,772.3869018554688,713.008544921875,1.0,29
-1,6,573.7442016601562,584.83544921875,772.3869018554688,713.008544921875,1.0,29
-1,6,573.7442016601562,584.83544921875,772.3869018554688,713.008544921875,1.0,29
759,6,562.8576049804688,593.1181640625,760.6749877929688,719.300537109375,1.0,29
760,6,559.927734375,585.7705078125,758.9573974609375,719.4697265625,1.0,29
761,6,560.919677734375,592.0537109375,755.3240356445312,719.1695556640625,1.0,29
762,6,556.404052734375,597.1323852539062,750.7474365234375,720.9548950195312,1.0,29
763,6,557.353271484375,599.1434326171875,749.9328002929688,719.3505249023438,1.0,29
764,6,547.8460693359375,596.8922729492188,745.639892578125,721.9805908203125,1.0,29
-1,6,547.8460693359375,596.8922729492188,745.639892578125,721.9805908203125,1.0,29
-1,6,547.8460693359375,596.8922729492188,745.639892578125,721.9805908203125,1.0,29
767,6,541.5689086914062,607.8900756835938,735.0425415039062,728.6056518554688,1.0,29
-1,6,541.5689086914062,607.8900756835938,735.0425415039062,728.6056518554688,1.0,29
769,6,535.1541137695312,606.3348999023438,729.27099609375,734.66845703125,1.0,29
770,6,535.0076293945312,607.4345092773438,727.22900390625,739.8268432617188,1.0,29
771,6,535.9193725585938,610.4458618164062,725.166748046875,739.2076416015625,1.0,29
772,6,530.7784423828125,608.4224853515625,723.2596435546875,742.355712890625,1.0,29
773,6,525.2545776367188,605.8798828125,720.4808959960938,742.7396850585938,1.0,29
774,6,524.584716796875,611.7796020507812,721.0625610351562,745.6673583984375,1.0,29
775,6,519.1680908203125,611.3091430664062,713.9571533203125,746.73583984375,1.0,29
776,6,516.8047485351562,615.1729125976562,712.9019165039062,748.7670288085938,1.0,29
-1,6,516.8047485351562,615.1729125976562,712.9019165039062,748.7670288085938,1.0,29
-1,6,516.8047485351562,615.1729125976562,712.9019165039062,748.7670288085938,1.0,29
-1,6,516.8047485351562,615.1729125976562,712.9019165039062,748.7670288085938,1.0,29
780,6,498.6797790527344,615.4964599609375,699.12109375,759.7728881835938,1.0,29
781,6,493.8589782714844,618.0173950195312,693.6749877929688,760.956298828125,1.0,29
782,6,487.8834533691406,623.7606811523438,686.15234375,764.7837524414062,1.0,29
783,6,486.26275634765625,618.4892578125,687.59033203125,765.258544921875,1.0,29
784,6,486.4105224609375,614.089111328125,683.5091552734375,766.876708984375,1.0,29
785,6,489.3877258300781,618.3945922851562,684.5969848632812,764.6471557617188,1.0,29
786,6,493.5325012207031,618.2418823242188,685.7026977539062,766.716064453125,1.0,29
-1,6,493.5325012207031,618.2418823242188,685.7026977539062,766.716064453125,1.0,29
-1,6,493.5325012207031,618.2418823242188,685.7026977539062,766.716064453125,1.0,29
789,6,483.3022155761719,624.3018188476562,672.876708984375,768.486572265625,1.0,29
-1,6,483.3022155761719,624.3018188476562,672.876708984375,768.486572265625,1.0,29
-1,6,483.3022155761719,624.3018188476562,672.876708984375,768.486572265625,1.0,29
-1,6,483.3022155761719,624.3018188476562,672.876708984375,768.486572265625,1.0,29
-1,6,483.3022155761719,624.3018188476562,672.876708984375,768.486572265625,1.0,29
-1,6,483.3022155761719,624.3018188476562,672.876708984375,768.486572265625,1.0,29
-1,6,483.3022155761719,624.3018188476562,672.876708984375,768.486572265625,1.0,29
-1,6,483.3022155761719,624.3018188476562,672.876708984375,768.486572265625,1.0,29
-1,6,483.3022155761719,624.3018188476562,672.876708984375,768.486572265625,1.0,29
-1,6,483.3022155761719,624.3018188476562,672.876708984375,768.486572265625,1.0,29
799,6,467.67510986328125,629.82373046875,655.5938720703125,766.1951904296875,1.0,29
-1,6,467.67510986328125,629.82373046875,655.5938720703125,766.1951904296875,1.0,29
-1,6,467.67510986328125,629.82373046875,655.5938720703125,766.1951904296875,1.0,29
802,6,472.9581298828125,628.6112060546875,654.8104248046875,765.1355590820312,1.0,29
803,6,469.1481628417969,629.7379760742188,652.7669677734375,765.1309204101562,1.0,29
804,6,467.0332946777344,629.4386596679688,650.0603637695312,765.9046020507812,1.0,29
805,6,471.7647399902344,626.3251342773438,654.5426025390625,766.0289306640625,1.0,29
-1,6,471.7647399902344,626.3251342773438,654.5426025390625,766.0289306640625,1.0,29
807,6,469.0242004394531,624.9646606445312,659.0482177734375,768.498291015625,1.0,29
808,6,467.00518798828125,628.1971435546875,654.9107666015625,767.5283203125,1.0,29
-1,6,467.00518798828125,628.1971435546875,654.9107666015625,767.5283203125,1.0,29
-1,6,467.00518798828125,628.1971435546875,654.9107666015625,767.5283203125,1.0,29
-1,6,467.00518798828125,628.1971435546875,654.9107666015625,767.5283203125,1.0,29
812,6,462.1805725097656,634.4296875,658.6030883789062,771.7879028320312,1.0,29
813,6,461.66748046875,634.711181640625,657.0240478515625,772.4156494140625,1.0,29
814,6,462.20233154296875,633.5176391601562,656.2457885742188,772.1226196289062,1.0,29
-1,6,462.20233154296875,633.5176391601562,656.2457885742188,772.1226196289062,1.0,29
816,6,467.83660888671875,632.0446166992188,654.5677490234375,774.4154663085938,1.0,29
-1,6,467.83660888671875,632.0446166992188,654.5677490234375,774.4154663085938,1.0,29
-1,6,467.83660888671875,632.0446166992188,654.5677490234375,774.4154663085938,1.0,29
-1,6,467.83660888671875,632.0446166992188,654.5677490234375,774.4154663085938,1.0,29
-1,6,467.83660888671875,632.0446166992188,654.5677490234375,774.4154663085938,1.0,29
-1,6,467.83660888671875,632.0446166992188,654.5677490234375,774.4154663085938,1.0,29
-1,6,467.83660888671875,632.0446166992188,654.5677490234375,774.4154663085938,1.0,29
-1,6,467.83660888671875,632.0446166992188,654.5677490234375,774.4154663085938,1.0,29
-1,6,467.83660888671875,632.0446166992188,654.5677490234375,774.4154663085938,1.0,29
825,6,471.38287353515625,633.18017578125,663.3290405273438,776.1143798828125,1.0,29
-1,6,471.38287353515625,633.18017578125,663.3290405273438,776.1143798828125,1.0,29
827,6,481.6700439453125,634.7063598632812,662.3338623046875,771.9182739257812,1.0,29
828,6,479.13348388671875,633.4613037109375,661.0665283203125,773.3428955078125,1.0,29
829,6,479.0131530761719,635.1802978515625,659.6349487304688,772.4879760742188,1.0,29
830,6,479.7852478027344,634.9392700195312,661.0107421875,773.5338745117188,1.0,29
-1,6,479.7852478027344,634.9392700195312,661.0107421875,773.5338745117188,1.0,29
-1,6,479.7852478027344,634.9392700195312,661.0107421875,773.5338745117188,1.0,29
-1,6,479.7852478027344,634.9392700195312,661.0107421875,773.5338745117188,1.0,29
-1,6,479.7852478027344,634.9392700195312,661.0107421875,773.5338745117188,1.0,29
-1,6,479.7852478027344,634.9392700195312,661.0107421875,773.5338745117188,1.0,29
1020,7,123.92120361328125,9.17706298828125,1916.140625,1066.2781982421875,1.0,21
1021,7,123.92120361328125,9.17706298828125,1916.140625,1066.2781982421875,1.0,21
1022,7,108.0025634765625,8.5792236328125,1916.5426025390625,1065.5013427734375,1.0,21
1023,7,108.0025634765625,8.5792236328125,1916.5426025390625,1065.5013427734375,1.0,21
1024,7,108.0025634765625,8.5792236328125,1916.5426025390625,1065.5013427734375,1.0,21
1025,7,108.0025634765625,8.5792236328125,1916.5426025390625,1065.5013427734375,1.0,21
1026,7,108.0025634765625,8.5792236328125,1916.5426025390625,1065.5013427734375,1.0,21
-1,7,108.0025634765625,8.5792236328125,1916.5426025390625,1065.5013427734375,1.0,21
-1,7,108.0025634765625,8.5792236328125,1916.5426025390625,1065.5013427734375,1.0,21
-1,7,108.0025634765625,8.5792236328125,1916.5426025390625,1065.5013427734375,1.0,21
-1,7,108.0025634765625,8.5792236328125,1916.5426025390625,1065.5013427734375,1.0,21
1068,8,21.7152099609375,7.61370849609375,1916.7447509765625,1069.2333984375,1.0,21
1069,8,19.784912109375,7.58441162109375,1916.867431640625,1067.9351806640625,1.0,21
1070,8,6.07745361328125,5.638092041015625,1918.990478515625,1069.6275634765625,1.0,21
1071,8,6.08551025390625,6.16973876953125,1918.686767578125,1069.0819091796875,1.0,21
1072,8,43.75579833984375,8.194427490234375,1919.7686767578125,1068.488525390625,1.0,21
1073,8,11.45489501953125,7.01824951171875,1917.2081298828125,1070.214111328125,1.0,21
1074,8,34.72869873046875,8.112762451171875,1916.1192626953125,1071.2186279296875,1.0,21
1075,8,9.3570556640625,8.7337646484375,1917.42626953125,1069.04931640625,1.0,21
1076,8,9.3570556640625,8.7337646484375,1917.42626953125,1069.04931640625,1.0,21
1077,8,55.3399658203125,8.63104248046875,1916.0928955078125,1067.847412109375,1.0,21
1078,8,86.25640869140625,9.76611328125,1919.1494140625,1068.7706298828125,1.0,21
1079,8,98.39044189453125,10.48040771484375,1919.232177734375,1070.81005859375,1.0,21
-1,8,98.39044189453125,10.48040771484375,1919.232177734375,1070.81005859375,1.0,21
1081,8,65.5601806640625,9.85601806640625,1916.859130859375,1068.920654296875,1.0,21
1082,8,69.069580078125,9.7001953125,1920.0,1068.69482421875,1.0,21
1083,8,21.18292236328125,8.246978759765625,1920.0,1069.7615966796875,1.0,21
1084,8,98.073486328125,9.700836181640625,1918.6336669921875,1069.7005615234375,1.0,21
1085,8,67.8548583984375,9.09869384765625,1919.530517578125,1069.5087890625,1.0,21
1086,8,92.4503173828125,8.35931396484375,1917.59619140625,1069.6597900390625,1.0,21
1087,8,92.4906005859375,8.86724853515625,1919.33056640625,1069.0279541015625,1.0,21
-1,8,92.4906005859375,8.86724853515625,1919.33056640625,1069.0279541015625,1.0,21
-1,8,92.4906005859375,8.86724853515625,1919.33056640625,1069.0279541015625,1.0,21
1090,8,82.907958984375,9.94647216796875,1917.4837646484375,1067.803466796875,1.0,21
1091,8,63.2977294921875,9.9927978515625,1916.9842529296875,1069.814208984375,1.0,21
1092,8,76.9130859375,9.67620849609375,1917.3372802734375,1070.2935791015625,1.0,21
1093,8,87.053466796875,10.2315673828125,1917.5877685546875,1069.6124267578125,1.0,21
1094,8,67.79681396484375,8.876129150390625,1918.7059326171875,1069.4560546875,1.0,21
1095,8,59.06982421875,8.52447509765625,1918.2275390625,1068.96533203125,1.0,21
1096,8,37.9295654296875,8.10699462890625,1918.0074462890625,1068.5858154296875,1.0,21
1097,8,31.6080322265625,7.4908447265625,1918.3802490234375,1070.659423828125,1.0,21
-1,8,31.6080322265625,7.4908447265625,1918.3802490234375,1070.659423828125,1.0,21
1099,8,21.25946044921875,6.30853271484375,1916.0560302734375,1072.8182373046875,1.0,21
-1,8,21.25946044921875,6.30853271484375,1916.0560302734375,1072.8182373046875,1.0,21
-1,8,21.25946044921875,6.30853271484375,1916.0560302734375,1072.8182373046875,1.0,21
-1,8,21.25946044921875,6.30853271484375,1916.0560302734375,1072.8182373046875,1.0,21
-1,8,21.25946044921875,6.30853271484375,1916.0560302734375,1072.8182373046875,1.0,21
-1,8,21.25946044921875,6.30853271484375,1916.0560302734375,1072.8182373046875,1.0,21
-1,8,21.25946044921875,6.30853271484375,1916.0560302734375,1072.8182373046875,1.0,21
-1,8,21.25946044921875,6.30853271484375,1916.0560302734375,1072.8182373046875,1.0,21
-1,8,21.25946044921875,6.30853271484375,1916.0560302734375,1072.8182373046875,1.0,21
-1,8,21.25946044921875,6.30853271484375,1916.0560302734375,1072.8182373046875,1.0,21
1109,8,21.25946044921875,6.30853271484375,1916.0560302734375,1072.8182373046875,1.0,21
1110,8,21.25946044921875,6.30853271484375,1916.0560302734375,1072.8182373046875,1.0,21
-1,8,21.25946044921875,6.30853271484375,1916.0560302734375,1072.8182373046875,1.0,21
-1,8,21.25946044921875,6.30853271484375,1916.0560302734375,1072.8182373046875,1.0,21
-1,8,21.25946044921875,6.30853271484375,1916.0560302734375,1072.8182373046875,1.0,21
-1,8,21.25946044921875,6.30853271484375,1916.0560302734375,1072.8182373046875,1.0,21
1147,9,5.3338623046875,9.697265625,1918.7808837890625,1066.3560791015625,1.0,21
1148,9,5.5242919921875,8.84014892578125,1918.207763671875,1068.0560302734375,1.0,21
-1,9,5.5242919921875,8.84014892578125,1918.207763671875,1068.0560302734375,1.0,21
1150,9,7.53533935546875,7.853759765625,1916.9810791015625,1069.8985595703125,1.0,21
1151,9,5.07513427734375,8.699249267578125,1914.61376953125,1066.2625732421875,1.0,21
1152,9,4.6248779296875,9.119842529296875,1915.582763671875,1065.4896240234375,1.0,21
1153,9,3.08770751953125,9.26953125,1915.53076171875,1065.0,1.0,21
1154,9,2.578125,9.3310546875,1914.681884765625,1066.534423828125,1.0,21
1155,9,2.3994140625,9.3577880859375,1914.047607421875,1064.5211181640625,1.0,21
1156,9,2.417724609375,8.67425537109375,1915.30810546875,1063.1632080078125,1.0,21
1157,9,3.4896240234375,8.19158935546875,1915.6453857421875,1063.2857666015625,1.0,21
1158,9,2.389892578125,9.03790283203125,1914.5159912109375,1063.7216796875,1.0,21
1159,9,2.36279296875,8.438232421875,1915.8607177734375,1062.271728515625,1.0,21
1160,9,2.5484619140625,7.884796142578125,1917.0179443359375,1063.0263671875,1.0,21
1161,9,2.56951904296875,8.23095703125,1916.709716796875,1063.320556640625,1.0,21
1162,9,2.86083984375,8.37139892578125,1915.8109130859375,1062.1080322265625,1.0,21
